{"cameraMode":{"drawMode":0,"name":"Shaded","section":"Shading Mode"},"sceneLighting":true,"audioPlay":false,"sceneViewState":{"showFog":true,"showMaterialUpdate":false,"showSkybox":true,"showFlares":true,"showImageEffects":true,"showParticleSystems":true},"in2DMode":false,"pivot":{"x":7.522624492645264,"y":2.403559684753418,"z":-2.018573760986328},"rotation":{"x":-0.29399245977401736,"y":-0.21217122673988343,"z":0.06710319966077805,"w":-0.9295826554298401},"size":10.0,"orthographic":false}